{
  "GET Classes" : {
    "transaction" : "GET Classes",
    "sampleCount" : 1000,
    "errorCount" : 65,
    "errorPct" : 6.5,
    "meanResTime" : 7813.640000000008,
    "medianResTime" : 2325.5,
    "minResTime" : 1.0,
    "maxResTime" : 85228.0,
    "pct1ResTime" : 24192.199999999975,
    "pct2ResTime" : 47363.449999999924,
    "pct3ResTime" : 67212.59,
    "throughput" : 1.526580048514714,
    "receivedKBytesPerSec" : 73.63930404312818,
    "sentKBytesPerSec" : 0.49175556133111675
  },
  "GET Grades student stats" : {
    "transaction" : "GET Grades student stats",
    "sampleCount" : 1000,
    "errorCount" : 113,
    "errorPct" : 11.3,
    "meanResTime" : 28425.59000000001,
    "medianResTime" : 19295.5,
    "minResTime" : 1.0,
    "maxResTime" : 102854.0,
    "pct1ResTime" : 60522.7,
    "pct2ResTime" : 67303.8,
    "pct3ResTime" : 82999.58,
    "throughput" : 1.5250109419535085,
    "receivedKBytesPerSec" : 1.3608593002982923,
    "sentKBytesPerSec" : 0.5178603562730563
  },
  "POST Login" : {
    "transaction" : "POST Login",
    "sampleCount" : 1000,
    "errorCount" : 28,
    "errorPct" : 2.8,
    "meanResTime" : 12409.834,
    "medianResTime" : 2045.0,
    "minResTime" : 64.0,
    "maxResTime" : 94443.0,
    "pct1ResTime" : 54330.49999999999,
    "pct2ResTime" : 65463.899999999994,
    "pct3ResTime" : 71380.79000000001,
    "throughput" : 1.526039576310372,
    "receivedKBytesPerSec" : 1.0363671564427102,
    "sentKBytesPerSec" : 0.61259162913881
  },
  "GET Notifications" : {
    "transaction" : "GET Notifications",
    "sampleCount" : 1000,
    "errorCount" : 35,
    "errorPct" : 3.5,
    "meanResTime" : 4736.641000000003,
    "medianResTime" : 2307.0,
    "minResTime" : 1.0,
    "maxResTime" : 96094.0,
    "pct1ResTime" : 8774.8,
    "pct2ResTime" : 15558.0,
    "pct3ResTime" : 60976.41000000001,
    "throughput" : 1.5258905478710012,
    "receivedKBytesPerSec" : 192.83142730132906,
    "sentKBytesPerSec" : 0.5147317579785002
  },
  "Total" : {
    "transaction" : "Total",
    "sampleCount" : 8000,
    "errorCount" : 430,
    "errorPct" : 5.375,
    "meanResTime" : 13554.395125000035,
    "medianResTime" : 2460.5,
    "minResTime" : 0.0,
    "maxResTime" : 151119.0,
    "pct1ResTime" : 50509.3,
    "pct2ResTime" : 63773.8,
    "pct3ResTime" : 90671.94,
    "throughput" : 12.18434920344817,
    "receivedKBytesPerSec" : 23515.496210596004,
    "sentKBytesPerSec" : 4.141683693818727
  },
  "GET Stats classes" : {
    "transaction" : "GET Stats classes",
    "sampleCount" : 1000,
    "errorCount" : 86,
    "errorPct" : 8.6,
    "meanResTime" : 14228.663999999999,
    "medianResTime" : 1980.0,
    "minResTime" : 1.0,
    "maxResTime" : 85153.0,
    "pct1ResTime" : 55774.9,
    "pct2ResTime" : 64870.349999999926,
    "pct3ResTime" : 75190.97,
    "throughput" : 1.5252226062393806,
    "receivedKBytesPerSec" : 2.6311341116798497,
    "sentKBytesPerSec" : 0.4888517190021383
  },
  "GET Schedule current week" : {
    "transaction" : "GET Schedule current week",
    "sampleCount" : 1000,
    "errorCount" : 37,
    "errorPct" : 3.7,
    "meanResTime" : 3608.652000000001,
    "medianResTime" : 464.0,
    "minResTime" : 1.0,
    "maxResTime" : 89262.0,
    "pct1ResTime" : 2802.0,
    "pct2ResTime" : 30260.149999999987,
    "pct3ResTime" : 65443.08000000001,
    "throughput" : 1.5262468673783047,
    "receivedKBytesPerSec" : 1.453246360473564,
    "sentKBytesPerSec" : 0.5234788279034557
  },
  "GET Grades (all)" : {
    "transaction" : "GET Grades (all)",
    "sampleCount" : 1000,
    "errorCount" : 40,
    "errorPct" : 4.0,
    "meanResTime" : 29498.44100000001,
    "medianResTime" : 15640.5,
    "minResTime" : 0.0,
    "maxResTime" : 151119.0,
    "pct1ResTime" : 72987.19999999998,
    "pct2ResTime" : 99487.7,
    "pct3ResTime" : 125562.77,
    "throughput" : 1.523435774232912,
    "receivedKBytesPerSec" : 23248.5894085651,
    "sentKBytesPerSec" : 0.5010333298230835
  },
  "GET Ping" : {
    "transaction" : "GET Ping",
    "sampleCount" : 1000,
    "errorCount" : 26,
    "errorPct" : 2.6,
    "meanResTime" : 7713.69900000001,
    "medianResTime" : 1021.5,
    "minResTime" : 1.0,
    "maxResTime" : 89150.0,
    "pct1ResTime" : 37641.399999999994,
    "pct2ResTime" : 54690.74999999997,
    "pct3ResTime" : 75329.63,
    "throughput" : 1.526253855698803,
    "receivedKBytesPerSec" : 0.48048975387630327,
    "sentKBytesPerSec" : 0.4983248648502211
  }
}