{
  "GET Classes" : {
    "transaction" : "GET Classes",
    "sampleCount" : 250,
    "errorCount" : 0,
    "errorPct" : 0.0,
    "meanResTime" : 2162.5959999999995,
    "medianResTime" : 1923.0,
    "minResTime" : 8.0,
    "maxResTime" : 5857.0,
    "pct1ResTime" : 4199.0,
    "pct2ResTime" : 4535.2,
    "pct3ResTime" : 5416.6900000000005,
    "throughput" : 1.463057790782736,
    "receivedKBytesPerSec" : 75.32032964520849,
    "sentKBytesPerSec" : 0.4972110460863204
  },
  "GET Grades student stats" : {
    "transaction" : "GET Grades student stats",
    "sampleCount" : 250,
    "errorCount" : 0,
    "errorPct" : 0.0,
    "meanResTime" : 4452.071999999996,
    "medianResTime" : 4360.0,
    "minResTime" : 58.0,
    "maxResTime" : 10498.0,
    "pct1ResTime" : 7724.5,
    "pct2ResTime" : 8667.949999999999,
    "pct3ResTime" : 10045.200000000004,
    "throughput" : 1.462937930469486,
    "receivedKBytesPerSec" : 1.0986320981748385,
    "sentKBytesPerSec" : 0.5514590245715054
  },
  "POST Login" : {
    "transaction" : "POST Login",
    "sampleCount" : 250,
    "errorCount" : 0,
    "errorPct" : 0.0,
    "meanResTime" : 1815.6200000000008,
    "medianResTime" : 1489.5,
    "minResTime" : 58.0,
    "maxResTime" : 5512.0,
    "pct1ResTime" : 3643.4000000000005,
    "pct2ResTime" : 4503.049999999999,
    "pct3ResTime" : 5423.560000000001,
    "throughput" : 1.5083320261122442,
    "receivedKBytesPerSec" : 0.9441804968144027,
    "sentKBytesPerSec" : 0.6324978242310523
  },
  "GET Notifications" : {
    "transaction" : "GET Notifications",
    "sampleCount" : 250,
    "errorCount" : 0,
    "errorPct" : 0.0,
    "meanResTime" : 1923.6279999999995,
    "medianResTime" : 1642.5,
    "minResTime" : 8.0,
    "maxResTime" : 5640.0,
    "pct1ResTime" : 3980.9000000000005,
    "pct2ResTime" : 4448.0,
    "pct3ResTime" : 4965.45,
    "throughput" : 1.5025844452458228,
    "receivedKBytesPerSec" : 196.71383607930642,
    "sentKBytesPerSec" : 0.5194481382978724
  },
  "Total" : {
    "transaction" : "Total",
    "sampleCount" : 2000,
    "errorCount" : 0,
    "errorPct" : 0.0,
    "meanResTime" : 2794.851000000005,
    "medianResTime" : 1575.5,
    "minResTime" : 0.0,
    "maxResTime" : 16795.0,
    "pct1ResTime" : 7490.400000000003,
    "pct2ResTime" : 11187.649999999965,
    "pct3ResTime" : 13733.86,
    "throughput" : 11.64124025773706,
    "receivedKBytesPerSec" : 23403.418961779626,
    "sentKBytesPerSec" : 4.157139190671875
  },
  "GET Stats classes" : {
    "transaction" : "GET Stats classes",
    "sampleCount" : 250,
    "errorCount" : 0,
    "errorPct" : 0.0,
    "meanResTime" : 1377.8840000000002,
    "medianResTime" : 1125.5,
    "minResTime" : 10.0,
    "maxResTime" : 4980.0,
    "pct1ResTime" : 2830.1000000000004,
    "pct2ResTime" : 3486.0,
    "pct3ResTime" : 4914.98,
    "throughput" : 1.4633318309793204,
    "receivedKBytesPerSec" : 2.512243514513325,
    "sentKBytesPerSec" : 0.5058783868815229
  },
  "GET Schedule current week" : {
    "transaction" : "GET Schedule current week",
    "sampleCount" : 250,
    "errorCount" : 0,
    "errorPct" : 0.0,
    "meanResTime" : 471.3840000000002,
    "medianResTime" : 315.5,
    "minResTime" : 2.0,
    "maxResTime" : 2970.0,
    "pct1ResTime" : 1096.3000000000002,
    "pct2ResTime" : 1591.849999999998,
    "pct3ResTime" : 2856.78,
    "throughput" : 1.5043023045911306,
    "receivedKBytesPerSec" : 1.3926548679222577,
    "sentKBytesPerSec" : 0.531794369396474
  },
  "GET Grades (all)" : {
    "transaction" : "GET Grades (all)",
    "sampleCount" : 250,
    "errorCount" : 0,
    "errorPct" : 0.0,
    "meanResTime" : 9286.911999999997,
    "medianResTime" : 9773.0,
    "minResTime" : 685.0,
    "maxResTime" : 16795.0,
    "pct1ResTime" : 13634.7,
    "pct2ResTime" : 14188.45,
    "pct3ResTime" : 15484.190000000002,
    "throughput" : 1.4578109510758646,
    "receivedKBytesPerSec" : 23173.99924694953,
    "sentKBytesPerSec" : 0.49400429689777825
  },
  "GET Ping" : {
    "transaction" : "GET Ping",
    "sampleCount" : 250,
    "errorCount" : 0,
    "errorPct" : 0.0,
    "meanResTime" : 868.712,
    "medianResTime" : 782.5,
    "minResTime" : 0.0,
    "maxResTime" : 3627.0,
    "pct1ResTime" : 1842.0,
    "pct2ResTime" : 2153.849999999999,
    "pct3ResTime" : 2934.49,
    "throughput" : 1.504447145762875,
    "receivedKBytesPerSec" : 0.3849269064354231,
    "sentKBytesPerSec" : 0.5068693996954998
  }
}